{
    "action": {
        "mean": [
            -0.07935037463903427,
            0.6158722639083862,
            0.3790486454963684,
            -0.032983604818582535,
            0.15780743956565857,
            -0.006947204936295748,
            0.810601532459259,
            0.05484003201127052,
            0.9352867007255554,
            0.6350768208503723,
            -0.21724820137023926,
            -0.27514246106147766,
            0.06493686884641647,
            0.769443929195404
        ],
        "std": [
            0.2857714891433716,
            0.7649660706520081,
            0.4804789125919342,
            0.2065010368824005,
            0.26807937026023865,
            0.1984938383102417,
            0.3537178933620453,
            0.24797122180461884,
            0.8456135988235474,
            0.6137983202934265,
            0.28272417187690735,
            0.30371472239494324,
            0.19822080433368683,
            0.37517520785331726
        ],
        "min": [
            -0.8090429902076721,
            -0.11564909666776657,
            1.393011062115313e-16,
            -0.7967267036437988,
            -0.5776742696762085,
            -0.4779777228832245,
            0.04913074150681496,
            -0.6568260788917542,
            -0.009850882925093174,
            -2.2345155230141245e-05,
            -0.9256070852279663,
            -1.0080674886703491,
            -0.2727576792240143,
            0.058564554899930954
        ],
        "max": [
            0.7489007711410522,
            2.0672452449798584,
            1.5358742475509644,
            0.556572675704956,
            1.0296376943588257,
            1.002509355545044,
            1.0,
            0.7503709197044373,
            2.299928665161133,
            1.782313346862793,
            0.36693912744522095,
            0.24271292984485626,
            0.7669287323951721,
            1.0
        ],
        "q01": [
            -0.8027938365936279,
            -0.0005887730116955935,
            1.5295388765784154e-16,
            -0.6411998724937439,
            -0.2851651382446289,
            -0.44019113659858705,
            0.05074080139398575,
            -0.5459895491600036,
            0.00046894330764189366,
            0.0004246742487885058,
            -0.8846432518959045,
            -0.8867932462692261,
            -0.24549840331077574,
            0.06215852782130241
        ],
        "q99": [
            0.6445102763175964,
            1.9700894355773926,
            1.5010676717758178,
            0.5151351976394652,
            0.908366720676422,
            0.7930361866950985,
            1.0,
            0.6882600498199463,
            2.2230698013305665,
            1.7638589668273925,
            0.24342800378799426,
            0.2217958170175552,
            0.753314800262451,
            1.0
        ]
    },
    "observation.state": {
        "mean": [
            -0.07934895902872086,
            0.6158673763275146,
            0.3790458142757416,
            -0.032983556389808655,
            0.15780694782733917,
            -0.006946788169443607,
            0.810601532459259,
            0.05483575537800789,
            0.9352589249610901,
            0.6350584626197815,
            -0.2172408401966095,
            -0.27513423562049866,
            0.06493616849184036,
            0.769443929195404
        ],
        "std": [
            0.2857719659805298,
            0.7649710178375244,
            0.4804823100566864,
            0.2065010517835617,
            0.26807981729507446,
            0.1984938234090805,
            0.3537179231643677,
            0.24797235429286957,
            0.8456419706344604,
            0.6138195991516113,
            0.2827291190624237,
            0.3037225902080536,
            0.19822072982788086,
            0.37517520785331726
        ],
        "min": [
            -0.8090429902076721,
            -0.11564909666776657,
            1.393011062115313e-16,
            -0.7967267036437988,
            -0.5776742696762085,
            -0.4779777228832245,
            0.04913074150681496,
            -0.6568260788917542,
            -0.009850882925093174,
            -2.2345155230141245e-05,
            -0.9256070852279663,
            -1.0080674886703491,
            -0.2727576792240143,
            0.058564554899930954
        ],
        "max": [
            0.7489007711410522,
            2.0672452449798584,
            1.5358742475509644,
            0.556572675704956,
            1.0296376943588257,
            1.002509355545044,
            1.0,
            0.7503709197044373,
            2.299928665161133,
            1.782313346862793,
            0.36693912744522095,
            0.24271292984485626,
            0.7669287323951721,
            1.0
        ],
        "q01": [
            -0.8027938365936279,
            -0.0005887730116955935,
            1.4893844856204373e-16,
            -0.6411998724937439,
            -0.2851651382446289,
            -0.44019113659858705,
            0.05074080139398575,
            -0.5459895491600036,
            0.0003677909332327545,
            0.00039196290774270895,
            -0.8846432518959045,
            -0.8867932462692261,
            -0.24549840331077574,
            0.06215852782130241
        ],
        "q99": [
            0.6445102763175964,
            1.9700894355773926,
            1.5010676717758178,
            0.5151351976394652,
            0.908366720676422,
            0.7930361866950985,
            1.0,
            0.6882600498199463,
            2.2230698013305665,
            1.7638589668273925,
            0.24342800378799426,
            0.2217958170175552,
            0.753314800262451,
            1.0
        ]
    },
    "timestamp": {
        "mean": [
            5.439636707305908
        ],
        "std": [
            3.2818641662597656
        ],
        "min": [
            0.0
        ],
        "max": [
            12.199999809265137
        ],
        "q01": [
            0.10000000149011612
        ],
        "q99": [
            11.9346667098999
        ]
    },
    "next.reward": {
        "mean": [
            0.0
        ],
        "std": [
            0.0
        ],
        "min": [
            0.0
        ],
        "max": [
            0.0
        ],
        "q01": [
            0.0
        ],
        "q99": [
            0.0
        ]
    }
}