{"_runtime":21,"train/loss":1.2179,"train/grad_norm":3.367551326751709,"_timestamp":1.7785764477384102e+09,"_step":1,"train/learning_rate":4.0000000000000003e-07,"train/epoch":0.042105263157894736,"train/global_step":20,"_wandb":{"runtime":21}}