{
  "norm_stats": {
    "observation.state": {
      "mean": [
        -0.2004048341882825,
        0.926030865066883,
        0.6881893789087363,
        -0.34004845442831444,
        0.06579394032931819,
        0.004003331131553015,
        0.7714465485539234,
        0.17299834959609858,
        0.8224941837716545,
        0.6196513047400741,
        -0.3604178625374178,
        -0.06267071413734983,
        0.0037534824507305577,
        0.7860054714056123,
        0.0,
        0.0,
        0.0,
        0.0,
        0.0,
        0.0,
        0.0,
        0.0,
        0.0,
        0.0,
        0.0,
        0.0,
        0.0,
        0.0,
        0.0,
        0.0,
        0.0,
        0.0
      ],
      "std": [
        0.3430550613669572,
        0.8880398716744601,
        0.7302413867013078,
        0.6487680858131896,
        0.2989095916383594,
        0.5843008439890949,
        0.3431666462450256,
        0.31989806134950266,
        0.8736479432301646,
        0.7135350385813682,
        0.6027223159755581,
        0.28364759664362316,
        0.5368540820833508,
        0.34065600804820284,
        0.0,
        0.0,
        0.0,
        0.0,
        0.0,
        0.0,
        0.0,
        0.0,
        0.0,
        0.0,
        0.0,
        0.0,
        0.0,
        0.0,
        0.0,
        0.0,
        0.0,
        0.0
      ],
      "q01": [
        -1.0515477853775024,
        -0.0028464663386345013,
        -0.003412001137435436,
        -1.5994959164619447,
        -0.6011735355377198,
        -1.6692243146896362,
        -3.212450869184004e-17,
        -0.4509409161806106,
        -0.0022946522295475003,
        -0.003911938253045089,
        -1.6421404289245605,
        -1.2653160977363587,
        -1.7631467906951903,
        -3.212450869184004e-17,
        0.0,
        0.0,
        0.0,
        0.0,
        0.0,
        0.0,
        0.0,
        0.0,
        0.0,
        0.0,
        0.0,
        0.0,
        0.0,
        0.0,
        0.0,
        0.0,
        0.0,
        0.0
      ],
      "q99": [
        0.5425654157638551,
        2.494059321081638,
        2.4919249521717433,
        1.3228244327545164,
        1.2490063915729523,
        1.7373493700027467,
        0.9998,
        1.0805942146301266,
        2.4162704061329365,
        2.3460035511285064,
        1.1391105751037602,
        0.5195488495349885,
        1.4859802293777467,
        0.9998,
        0.0,
        0.0,
        0.0,
        0.0,
        0.0,
        0.0,
        0.0,
        0.0,
        0.0,
        0.0,
        0.0,
        0.0,
        0.0,
        0.0,
        0.0,
        0.0,
        0.0,
        0.0
      ]
    },
    "action": {
      "mean": [
        0.0027439602160394374,
        0.9048127216744655,
        0.6732786871511028,
        -0.32815203234057777,
        0.06543845685651672,
        0.001325825479449957,
        0.7729700357174347,
        0.17144120945050398,
        0.8171640272130395,
        0.6168682182180513,
        -0.35933085582870006,
        -0.06325901218989877,
        0.001259164632906503,
        0.7850080503933135,
        0.0,
        0.0,
        0.0,
        0.0,
        0.0,
        0.0,
        0.0,
        0.0,
        0.0,
        0.0,
        0.0,
        0.0,
        0.0,
        0.0,
        0.0,
        0.0,
        0.0,
        0.0
      ],
      "std": [
        0.30259307137482616,
        0.8942560246255945,
        0.7335966254938433,
        0.6461345257188178,
        0.2978596877635555,
        0.5813326745859957,
        0.34277977954755406,
        0.31915519322514746,
        0.8765143903262981,
        0.7167580292468168,
        0.6047590598589236,
        0.2841843513115489,
        0.5422284925743523,
        0.34147322714098455,
        0.0,
        0.0,
        0.0,
        0.0,
        0.0,
        0.0,
        0.0,
        0.0,
        0.0,
        0.0,
        0.0,
        0.0,
        0.0,
        0.0,
        0.0,
        0.0,
        0.0,
        0.0
      ],
      "q01": [
        -0.9702287799835205,
        -0.0015211447954177615,
        -0.0010593893021345058,
        -1.5986235820293426,
        -0.597215931415558,
        -1.667993616104126,
        -3.212450869184004e-17,
        -0.463603463768959,
        -0.00009994709491728537,
        -0.0012476349771022854,
        -1.6623971733093261,
        -1.2640740205287933,
        -1.8581006713867187,
        -3.212450869184004e-17,
        0.0,
        0.0,
        0.0,
        0.0,
        0.0,
        0.0,
        0.0,
        0.0,
        0.0,
        0.0,
        0.0,
        0.0,
        0.0,
        0.0,
        0.0,
        0.0,
        0.0,
        0.0
      ],
      "q99": [
        0.9767373306274414,
        2.495384642624855,
        2.4919249521717433,
        1.32893077378273,
        1.2490063915729523,
        1.733657274246216,
        0.9998,
        1.0805942146301266,
        2.4162704061329365,
        2.353108359864354,
        1.1330335517883303,
        0.5195488495349885,
        1.496936446380615,
        0.9998,
        0.0,
        0.0,
        0.0,
        0.0,
        0.0,
        0.0,
        0.0,
        0.0,
        0.0,
        0.0,
        0.0,
        0.0,
        0.0,
        0.0,
        0.0,
        0.0,
        0.0,
        0.0
      ]
    }
  }
}